{
  "hash": "16fd5209",
  "configHash": "6b595301",
  "lockfileHash": "9b944e8d",
  "browserHash": "281e5510",
  "optimized": {
    "@angular/common": {
      "src": "../../../../../../node_modules/@angular/common/fesm2022/common.mjs",
      "file": "@angular_common.js",
      "fileHash": "695baf35",
      "needsInterop": false
    },
    "@angular/common/http": {
      "src": "../../../../../../node_modules/@angular/common/fesm2022/http.mjs",
      "file": "@angular_common_http.js",
      "fileHash": "23782362",
      "needsInterop": false
    },
    "@angular/core": {
      "src": "../../../../../../node_modules/@angular/core/fesm2022/core.mjs",
      "file": "@angular_core.js",
      "fileHash": "2f16eafd",
      "needsInterop": false
    },
    "@angular/forms": {
      "src": "../../../../../../node_modules/@angular/forms/fesm2022/forms.mjs",
      "file": "@angular_forms.js",
      "fileHash": "c39641b2",
      "needsInterop": false
    },
    "@angular/platform-browser": {
      "src": "../../../../../../node_modules/@angular/platform-browser/fesm2022/platform-browser.mjs",
      "file": "@angular_platform-browser.js",
      "fileHash": "6721a277",
      "needsInterop": false
    },
    "@angular/router": {
      "src": "../../../../../../node_modules/@angular/router/fesm2022/router.mjs",
      "file": "@angular_router.js",
      "fileHash": "f503304e",
      "needsInterop": false
    }
  },
  "chunks": {
    "chunk-YGKF7VYI": {
      "file": "chunk-YGKF7VYI.js"
    },
    "chunk-V6RUAOAI": {
      "file": "chunk-V6RUAOAI.js"
    },
    "chunk-Y5IAB3P7": {
      "file": "chunk-Y5IAB3P7.js"
    },
    "chunk-F5BRNNIR": {
      "file": "chunk-F5BRNNIR.js"
    }
  }
}